-- phpMyAdmin SQL Dump
-- version 5.1.1
-- https://www.phpmyadmin.net/
--
-- Host: 127.0.0.1
-- Generation Time: Oct 06, 2021 at 04:36 AM
-- Server version: 10.4.19-MariaDB
-- PHP Version: 7.4.20

SET SQL_MODE = "NO_AUTO_VALUE_ON_ZERO";
START TRANSACTION;
SET time_zone = "+00:00";


/*!40101 SET @OLD_CHARACTER_SET_CLIENT=@@CHARACTER_SET_CLIENT */;
/*!40101 SET @OLD_CHARACTER_SET_RESULTS=@@CHARACTER_SET_RESULTS */;
/*!40101 SET @OLD_COLLATION_CONNECTION=@@COLLATION_CONNECTION */;
/*!40101 SET NAMES utf8mb4 */;

--
-- Database: `final-exam`
--

-- --------------------------------------------------------

--
-- Table structure for table `barang`
--

CREATE TABLE `barang` (
  `id` int(10) UNSIGNED NOT NULL,
  `nama_produk` varchar(255) NOT NULL,
  `harga` int(11) NOT NULL,
  `gambar` varchar(255) NOT NULL
) ENGINE=InnoDB DEFAULT CHARSET=utf8mb4;

--
-- Dumping data for table `barang`
--

INSERT INTO `barang` (`id`, `nama_produk`, `harga`, `gambar`) VALUES
(3, 'Ayam Bakar', 25000, '1632062642_ayambakar.jpg'),
(4, 'Bakso', 15000, '1632062659_bakso.jpeg'),
(5, 'Es Jeruk', 7500, '1632062679_esjeruk.jpg'),
(6, 'Ikan Lele', 21000, '1632062694_lele.jpg'),
(7, 'Mie Ayam', 19000, '1632062716_mieayam.jpg'),
(8, 'Nasi  Goreng', 25000, '1632062754_nasgor.jpg');

-- --------------------------------------------------------

--
-- Stand-in structure for view `cart`
-- (See below for the actual view)
--
CREATE TABLE `cart` (
`id_keranjang` int(10) unsigned
,`nama_customer` varchar(255)
,`nama_produk` varchar(255)
,`harga` int(11)
,`gambar` varchar(255)
,`jumlah` int(11)
);

-- --------------------------------------------------------

--
-- Table structure for table `checkout`
--

CREATE TABLE `checkout` (
  `id_checkout` varchar(255) NOT NULL,
  `id_customer` varchar(255) NOT NULL,
  `total` int(11) NOT NULL
) ENGINE=InnoDB DEFAULT CHARSET=utf8mb4;

--
-- Dumping data for table `checkout`
--

INSERT INTO `checkout` (`id_checkout`, `id_customer`, `total`) VALUES
('4625838509471298221127388116', '3', 566000);

-- --------------------------------------------------------

--
-- Stand-in structure for view `check_out`
-- (See below for the actual view)
--
CREATE TABLE `check_out` (
`id_checkout` varchar(255)
,`nama_produk` varchar(255)
,`harga` int(11)
,`gambar` varchar(255)
,`jumlah` int(11)
,`nama_customer` varchar(255)
,`id_customer` varchar(255)
);

-- --------------------------------------------------------

--
-- Table structure for table `customer`
--

CREATE TABLE `customer` (
  `id` int(10) UNSIGNED NOT NULL,
  `nama_customer` varchar(255) NOT NULL,
  `email` varchar(255) NOT NULL,
  `password` varchar(255) NOT NULL
) ENGINE=InnoDB DEFAULT CHARSET=utf8mb4;

--
-- Dumping data for table `customer`
--

INSERT INTO `customer` (`id`, `nama_customer`, `email`, `password`) VALUES
(1, 'Abdul Latief', 'abdullatief.muktimufida@gmail.com', '123'),
(2, 'latief', 'latief@gmail.com', '123'),
(3, 'mukti', 'mukti@mail.com', '123');

-- --------------------------------------------------------

--
-- Table structure for table `detail_checkout`
--

CREATE TABLE `detail_checkout` (
  `id_checkout` varchar(255) DEFAULT NULL,
  `id_barang` int(11) DEFAULT NULL,
  `jumlah` int(11) DEFAULT NULL
) ENGINE=InnoDB DEFAULT CHARSET=utf8mb4;

--
-- Dumping data for table `detail_checkout`
--

INSERT INTO `detail_checkout` (`id_checkout`, `id_barang`, `jumlah`) VALUES
('4625838509471298221127388116', 3, 10),
('4625838509471298221127388116', 5, 6),
('4625838509471298221127388116', 8, 10),
('4625838509471298221127388116', 6, 1);

-- --------------------------------------------------------

--
-- Table structure for table `failed_jobs`
--

CREATE TABLE `failed_jobs` (
  `id` bigint(20) UNSIGNED NOT NULL,
  `uuid` varchar(255) NOT NULL,
  `connection` text NOT NULL,
  `queue` text NOT NULL,
  `payload` longtext NOT NULL,
  `exception` longtext NOT NULL,
  `failed_at` timestamp NOT NULL DEFAULT current_timestamp()
) ENGINE=InnoDB DEFAULT CHARSET=utf8mb4;

-- --------------------------------------------------------

--
-- Table structure for table `incomes`
--

CREATE TABLE `incomes` (
  `id` bigint(20) UNSIGNED NOT NULL,
  `date_income` date NOT NULL,
  `name_product` varchar(255) NOT NULL,
  `quantity` int(11) NOT NULL,
  `total` int(11) NOT NULL,
  `resource_id` bigint(20) UNSIGNED NOT NULL,
  `created_at` timestamp NULL DEFAULT NULL,
  `updated_at` timestamp NULL DEFAULT NULL
) ENGINE=InnoDB DEFAULT CHARSET=utf8mb4;

--
-- Dumping data for table `incomes`
--

INSERT INTO `incomes` (`id`, `date_income`, `name_product`, `quantity`, `total`, `resource_id`, `created_at`, `updated_at`) VALUES
(1, '2021-04-02', 'et', 7, 271649132, 1, '2021-08-08 09:48:13', '2021-08-08 09:48:13'),
(2, '2021-05-22', 'cum', 4, 186095571, 1, '2021-08-08 09:48:13', '2021-08-08 09:48:13'),
(3, '2021-02-09', 'officia', 2, 229220302, 1, '2021-08-08 09:48:13', '2021-08-08 09:48:13'),
(4, '2021-03-02', 'dolor', 9, 161240116, 1, '2021-08-08 09:48:13', '2021-08-08 09:48:13'),
(5, '2021-06-14', 'quaerat', 3, 286710269, 1, '2021-08-08 09:48:13', '2021-08-08 09:48:13'),
(6, '2021-02-14', 'perspiciatis', 2, 245794955, 1, '2021-08-08 09:48:13', '2021-08-08 09:48:13'),
(7, '2021-03-31', 'corrupti', 0, 163198711, 1, '2021-08-08 09:48:13', '2021-08-08 09:48:13'),
(8, '2021-07-16', 'blanditiis', 0, 179926737, 1, '2021-08-08 09:48:13', '2021-08-08 09:48:13'),
(9, '2021-01-22', 'et', 4, 204287890, 1, '2021-08-08 09:48:13', '2021-08-08 09:48:13'),
(10, '2021-08-07', 'inventore', 3, 148984748, 1, '2021-08-08 09:48:13', '2021-08-08 09:48:13'),
(11, '2021-04-01', 'cum', 5, 170030434, 1, '2021-08-08 09:48:13', '2021-08-08 09:48:13'),
(12, '2021-04-17', 'assumenda', 2, 102155967, 1, '2021-08-08 09:48:13', '2021-08-08 09:48:13');

-- --------------------------------------------------------

--
-- Table structure for table `keranjang`
--

CREATE TABLE `keranjang` (
  `id_keranjang` int(10) UNSIGNED NOT NULL,
  `id_customer` varchar(255) NOT NULL,
  `id_barang` varchar(255) NOT NULL,
  `jumlah` int(11) DEFAULT NULL
) ENGINE=InnoDB DEFAULT CHARSET=utf8mb4;

--
-- Dumping data for table `keranjang`
--

INSERT INTO `keranjang` (`id_keranjang`, `id_customer`, `id_barang`, `jumlah`) VALUES
(1, '3', '3', 10),
(2, '3', '5', 6),
(3, '3', '8', 10),
(4, '3', '6', 1);

-- --------------------------------------------------------

--
-- Table structure for table `konfirmasi`
--

CREATE TABLE `konfirmasi` (
  `id_konfirmasi` int(10) UNSIGNED NOT NULL,
  `id_customer` varchar(255) NOT NULL,
  `id_checkout` varchar(255) NOT NULL,
  `bukti` varchar(255) NOT NULL
) ENGINE=InnoDB DEFAULT CHARSET=utf8mb4;

-- --------------------------------------------------------

--
-- Table structure for table `listorders`
--

CREATE TABLE `listorders` (
  `id` bigint(20) UNSIGNED NOT NULL,
  `date_order` date NOT NULL,
  `name_product` varchar(255) NOT NULL,
  `quantity` int(11) NOT NULL,
  `total` int(11) NOT NULL,
  `resource_id` bigint(20) UNSIGNED NOT NULL,
  `created_at` timestamp NULL DEFAULT NULL,
  `updated_at` timestamp NULL DEFAULT NULL
) ENGINE=InnoDB DEFAULT CHARSET=utf8mb4;

--
-- Dumping data for table `listorders`
--

INSERT INTO `listorders` (`id`, `date_order`, `name_product`, `quantity`, `total`, `resource_id`, `created_at`, `updated_at`) VALUES
(1, '2021-05-11', 'atque', 1, 4910994, 1, '2021-08-08 09:10:37', '2021-08-08 09:10:37'),
(2, '2021-06-25', 'ipsa', 2, 3875842, 1, '2021-08-08 09:10:37', '2021-08-08 09:10:37'),
(3, '2021-03-06', 'voluptatem', 6, 6378366, 1, '2021-08-08 09:10:37', '2021-08-08 09:10:37'),
(4, '2021-01-24', 'sapiente', 1, 9426300, 1, '2021-08-08 09:10:37', '2021-08-08 09:10:37'),
(5, '2021-03-04', 'et', 6, 5459091, 1, '2021-08-08 09:10:37', '2021-08-08 09:10:37'),
(6, '2021-04-03', 'quam', 3, 5105082, 1, '2021-08-08 09:10:37', '2021-08-08 09:10:37'),
(7, '2021-03-15', 'culpa', 0, 5390695, 1, '2021-08-08 09:10:37', '2021-08-08 09:10:37'),
(8, '2021-02-14', 'est', 5, 170979, 1, '2021-08-08 09:10:37', '2021-08-08 09:10:37'),
(9, '2021-01-21', 'architecto', 7, 6135546, 1, '2021-08-08 09:10:37', '2021-08-08 09:10:37'),
(10, '2021-01-05', 'rerum', 2, 1936223, 1, '2021-08-08 09:10:37', '2021-08-08 09:10:37'),
(11, '2021-03-31', 'dolorem', 5, 9968852, 1, '2021-08-08 09:10:37', '2021-08-08 09:10:37'),
(12, '2021-04-14', 'quidem', 8, 767075, 1, '2021-08-08 09:10:37', '2021-08-08 09:10:37'),
(13, '2021-05-10', 'inventore', 4, 5822192, 1, '2021-08-08 09:10:37', '2021-08-08 09:10:37'),
(14, '2021-08-05', 'eum', 0, 3037625, 1, '2021-08-08 09:10:37', '2021-08-08 09:10:37'),
(15, '2021-07-19', 'et', 0, 3048981, 1, '2021-08-08 09:10:37', '2021-08-08 09:10:37'),
(16, '2021-03-14', 'aliquam', 8, 1706198, 1, '2021-08-08 09:10:37', '2021-08-08 09:10:37'),
(17, '2021-04-10', 'fugiat', 6, 5582726, 1, '2021-08-08 09:10:37', '2021-08-08 09:10:37'),
(18, '2021-04-11', 'quasi', 4, 1159433, 1, '2021-08-08 09:10:37', '2021-08-08 09:10:37'),
(19, '2021-02-05', 'aut', 2, 6724125, 1, '2021-08-08 09:10:37', '2021-08-08 09:10:37'),
(20, '2021-03-26', 'quas', 5, 4352252, 1, '2021-08-08 09:10:37', '2021-08-08 09:10:37'),
(21, '2021-05-26', 'quos', 6, 2804718, 1, '2021-08-08 09:10:37', '2021-08-08 09:10:37'),
(22, '2021-07-30', 'aliquid', 9, 7241078, 1, '2021-08-08 09:10:37', '2021-08-08 09:10:37'),
(23, '2021-06-27', 'cum', 1, 5451937, 1, '2021-08-08 09:10:37', '2021-08-08 09:10:37'),
(24, '2021-06-08', 'aut', 5, 3871365, 1, '2021-08-08 09:10:37', '2021-08-08 09:10:37'),
(25, '2021-05-26', 'minima', 4, 4633536, 1, '2021-08-08 09:10:37', '2021-08-08 09:10:37'),
(26, '2021-05-26', 'maiores', 6, 5630159, 1, '2021-08-08 09:10:37', '2021-08-08 09:10:37'),
(27, '2021-01-20', 'ipsa', 4, 4309850, 1, '2021-08-08 09:10:37', '2021-08-08 09:10:37'),
(28, '2021-08-04', 'consequuntur', 0, 809695, 1, '2021-08-08 09:10:37', '2021-08-08 09:10:37'),
(29, '2021-03-13', 'iste', 3, 6478332, 1, '2021-08-08 09:10:37', '2021-08-08 09:10:37'),
(30, '2021-05-26', 'voluptate', 1, 646170, 1, '2021-08-08 09:10:37', '2021-08-08 09:10:37'),
(31, '2021-03-11', 'eveniet', 1, 237272, 1, '2021-08-08 09:10:37', '2021-08-08 09:10:37'),
(32, '2021-04-03', 'neque', 8, 5989667, 1, '2021-08-08 09:10:37', '2021-08-08 09:10:37'),
(33, '2021-02-15', 'ut', 1, 5708601, 1, '2021-08-08 09:10:37', '2021-08-08 09:10:37'),
(34, '2021-06-05', 'impedit', 6, 6566674, 1, '2021-08-08 09:10:37', '2021-08-08 09:10:37'),
(35, '2021-02-23', 'dignissimos', 3, 5183136, 1, '2021-08-08 09:10:37', '2021-08-08 09:10:37'),
(36, '2021-03-21', 'suscipit', 8, 5577015, 1, '2021-08-08 09:10:37', '2021-08-08 09:10:37'),
(37, '2021-05-12', 'nihil', 4, 5816254, 1, '2021-08-08 09:10:37', '2021-08-08 09:10:37'),
(38, '2021-05-01', 'voluptas', 4, 5798065, 1, '2021-08-08 09:10:37', '2021-08-08 09:10:37'),
(39, '2021-07-31', 'eveniet', 2, 6160354, 1, '2021-08-08 09:10:37', '2021-08-08 09:10:37'),
(40, '2021-05-24', 'repudiandae', 3, 2813767, 1, '2021-08-08 09:10:37', '2021-08-08 09:10:37'),
(41, '2021-05-01', 'modi', 8, 5026910, 1, '2021-08-08 09:10:37', '2021-08-08 09:10:37'),
(42, '2021-03-09', 'placeat', 7, 3143799, 1, '2021-08-08 09:10:37', '2021-08-08 09:10:37'),
(43, '2021-08-04', 'voluptas', 0, 1391490, 1, '2021-08-08 09:10:37', '2021-08-08 09:10:37'),
(44, '2021-06-03', 'cum', 1, 9272190, 1, '2021-08-08 09:10:37', '2021-08-08 09:10:37'),
(45, '2021-05-23', 'cupiditate', 5, 9571743, 1, '2021-08-08 09:10:37', '2021-08-08 09:10:37'),
(46, '2021-05-12', 'itaque', 6, 6594013, 1, '2021-08-08 09:10:37', '2021-08-08 09:10:37'),
(47, '2021-05-29', 'saepe', 6, 9706800, 1, '2021-08-08 09:10:37', '2021-08-08 09:10:37'),
(48, '2021-02-16', 'delectus', 9, 3904971, 1, '2021-08-08 09:10:37', '2021-08-08 09:10:37'),
(49, '2021-06-22', 'ut', 7, 7749532, 1, '2021-08-08 09:10:37', '2021-08-08 09:10:37'),
(50, '2021-06-14', 'et', 0, 6419978, 1, '2021-08-08 09:10:37', '2021-08-08 09:10:37'),
(51, '2021-05-20', 'possimus', 2, 5184071, 1, '2021-08-08 09:10:37', '2021-08-08 09:10:37'),
(52, '2021-03-25', 'minima', 1, 1173304, 1, '2021-08-08 09:10:37', '2021-08-08 09:10:37'),
(53, '2021-06-04', 'ipsum', 3, 7877597, 1, '2021-08-08 09:10:37', '2021-08-08 09:10:37'),
(54, '2021-04-16', 'eius', 0, 9606545, 1, '2021-08-08 09:10:37', '2021-08-08 09:10:37'),
(55, '2021-04-20', 'facilis', 6, 3315092, 1, '2021-08-08 09:10:37', '2021-08-08 09:10:37'),
(56, '2021-01-18', 'repellat', 5, 7540055, 1, '2021-08-08 09:10:37', '2021-08-08 09:10:37'),
(57, '2021-07-18', 'quas', 7, 2368033, 1, '2021-08-08 09:10:37', '2021-08-08 09:10:37'),
(58, '2021-07-07', 'sequi', 5, 1824007, 1, '2021-08-08 09:10:37', '2021-08-08 09:10:37'),
(59, '2021-06-20', 'aut', 8, 4096892, 1, '2021-08-08 09:10:37', '2021-08-08 09:10:37'),
(60, '2021-07-16', 'tenetur', 3, 3127846, 1, '2021-08-08 09:10:37', '2021-08-08 09:10:37'),
(61, '2021-05-21', 'in', 7, 2299368, 1, '2021-08-08 09:10:37', '2021-08-08 09:10:37'),
(62, '2021-06-23', 'et', 8, 1195056, 1, '2021-08-08 09:10:37', '2021-08-08 09:10:37'),
(63, '2021-05-01', 'qui', 6, 1436271, 1, '2021-08-08 09:10:37', '2021-08-08 09:10:37'),
(64, '2021-05-14', 'voluptatum', 8, 4729339, 1, '2021-08-08 09:10:37', '2021-08-08 09:10:37'),
(65, '2021-03-05', 'repudiandae', 6, 5397106, 1, '2021-08-08 09:10:37', '2021-08-08 09:10:37'),
(66, '2021-06-07', 'iusto', 5, 1928091, 1, '2021-08-08 09:10:37', '2021-08-08 09:10:37'),
(67, '2021-05-27', 'recusandae', 7, 1987791, 1, '2021-08-08 09:10:37', '2021-08-08 09:10:37'),
(68, '2021-01-11', 'occaecati', 9, 7850959, 1, '2021-08-08 09:10:37', '2021-08-08 09:10:37'),
(69, '2021-01-18', 'eaque', 0, 8962458, 1, '2021-08-08 09:10:37', '2021-08-08 09:10:37'),
(70, '2021-03-07', 'quia', 6, 127976, 1, '2021-08-08 09:10:37', '2021-08-08 09:10:37'),
(71, '2021-06-29', 'dolorem', 5, 7657692, 1, '2021-08-08 09:10:37', '2021-08-08 09:10:37'),
(72, '2021-01-27', 'ea', 3, 3225926, 1, '2021-08-08 09:10:37', '2021-08-08 09:10:37'),
(73, '2021-02-10', 'aperiam', 2, 6293612, 1, '2021-08-08 09:10:37', '2021-08-08 09:10:37'),
(74, '2021-04-16', 'illo', 5, 1251276, 1, '2021-08-08 09:10:37', '2021-08-08 09:10:37'),
(75, '2021-06-23', 'similique', 3, 8797005, 1, '2021-08-08 09:10:37', '2021-08-08 09:10:37'),
(76, '2021-03-17', 'qui', 2, 9385550, 1, '2021-08-08 09:10:37', '2021-08-08 09:10:37'),
(77, '2021-02-21', 'natus', 7, 2739149, 1, '2021-08-08 09:10:37', '2021-08-08 09:10:37'),
(78, '2021-03-05', 'nostrum', 0, 5795525, 1, '2021-08-08 09:10:37', '2021-08-08 09:10:37'),
(79, '2021-04-07', 'voluptas', 9, 7914208, 1, '2021-08-08 09:10:37', '2021-08-08 09:10:37'),
(80, '2021-01-06', 'minus', 4, 1588132, 1, '2021-08-08 09:10:37', '2021-08-08 09:10:37'),
(81, '2021-01-16', 'voluptas', 0, 7682246, 1, '2021-08-08 09:10:37', '2021-08-08 09:10:37'),
(82, '2021-04-23', 'facere', 9, 4542099, 1, '2021-08-08 09:10:37', '2021-08-08 09:10:37'),
(83, '2021-02-24', 'sed', 4, 7857299, 1, '2021-08-08 09:10:37', '2021-08-08 09:10:37'),
(84, '2021-03-14', 'beatae', 0, 9255997, 1, '2021-08-08 09:10:37', '2021-08-08 09:10:37'),
(85, '2021-07-03', 'voluptatibus', 9, 2719103, 1, '2021-08-08 09:10:37', '2021-08-08 09:10:37'),
(86, '2021-03-09', 'rem', 5, 5840244, 1, '2021-08-08 09:10:37', '2021-08-08 09:10:37'),
(87, '2021-01-08', 'cum', 8, 5771525, 1, '2021-08-08 09:10:37', '2021-08-08 09:10:37'),
(88, '2021-01-19', 'aut', 5, 1425859, 1, '2021-08-08 09:10:37', '2021-08-08 09:10:37'),
(89, '2021-07-04', 'non', 6, 5546628, 1, '2021-08-08 09:10:37', '2021-08-08 09:10:37'),
(90, '2021-06-06', 'modi', 7, 4497019, 1, '2021-08-08 09:10:37', '2021-08-08 09:10:37'),
(91, '2021-04-28', 'beatae', 6, 2586462, 1, '2021-08-08 09:10:37', '2021-08-08 09:10:37'),
(92, '2021-06-14', 'et', 1, 6448623, 1, '2021-08-08 09:10:37', '2021-08-08 09:10:37'),
(93, '2021-01-13', 'eveniet', 6, 8342129, 1, '2021-08-08 09:10:37', '2021-08-08 09:10:37'),
(94, '2021-07-17', 'voluptates', 6, 7218156, 1, '2021-08-08 09:10:37', '2021-08-08 09:10:37'),
(95, '2021-07-31', 'sunt', 6, 8818832, 1, '2021-08-08 09:10:37', '2021-08-08 09:10:37'),
(96, '2021-01-01', 'velit', 8, 5149770, 1, '2021-08-08 09:10:37', '2021-08-08 09:10:37'),
(97, '2021-06-01', 'quae', 0, 6975201, 1, '2021-08-08 09:10:37', '2021-08-08 09:10:37'),
(98, '2021-05-04', 'aperiam', 3, 653161, 1, '2021-08-08 09:10:37', '2021-08-08 09:10:37'),
(99, '2021-02-28', 'perferendis', 7, 4069549, 1, '2021-08-08 09:10:37', '2021-08-08 09:10:37'),
(100, '2021-03-31', 'id', 2, 8457841, 1, '2021-08-08 09:10:37', '2021-08-08 09:10:37'),
(101, '2021-07-12', 'explicabo', 9, 6109885, 1, '2021-08-08 09:10:37', '2021-08-08 09:10:37'),
(102, '2021-06-25', 'eligendi', 4, 4976426, 1, '2021-08-08 09:10:37', '2021-08-08 09:10:37'),
(103, '2021-07-31', 'laudantium', 4, 9564761, 1, '2021-08-08 09:10:37', '2021-08-08 09:10:37'),
(104, '2021-06-13', 'et', 6, 2655698, 1, '2021-08-08 09:10:37', '2021-08-08 09:10:37'),
(105, '2021-01-24', 'ut', 0, 3033210, 1, '2021-08-08 09:10:37', '2021-08-08 09:10:37'),
(106, '2021-02-10', 'eos', 5, 6494099, 1, '2021-08-08 09:10:37', '2021-08-08 09:10:37'),
(107, '2021-06-03', 'velit', 4, 1641173, 1, '2021-08-08 09:10:37', '2021-08-08 09:10:37'),
(108, '2021-06-11', 'vel', 3, 2297053, 1, '2021-08-08 09:10:37', '2021-08-08 09:10:37'),
(109, '2021-02-23', 'optio', 5, 4445357, 1, '2021-08-08 09:10:37', '2021-08-08 09:10:37'),
(110, '2021-03-03', 'numquam', 9, 3980607, 1, '2021-08-08 09:10:37', '2021-08-08 09:10:37'),
(111, '2021-05-22', 'ut', 8, 9111737, 1, '2021-08-08 09:10:37', '2021-08-08 09:10:37'),
(112, '2021-02-17', 'et', 4, 6304792, 1, '2021-08-08 09:10:37', '2021-08-08 09:10:37'),
(113, '2021-02-01', 'repellat', 2, 698150, 1, '2021-08-08 09:10:37', '2021-08-08 09:10:37'),
(114, '2021-02-16', 'sequi', 3, 1977325, 1, '2021-08-08 09:10:37', '2021-08-08 09:10:37'),
(115, '2021-06-06', 'quia', 9, 2107375, 1, '2021-08-08 09:10:37', '2021-08-08 09:10:37'),
(116, '2021-05-14', 'doloremque', 9, 520511, 1, '2021-08-08 09:10:37', '2021-08-08 09:10:37'),
(117, '2021-02-16', 'eum', 2, 9687371, 1, '2021-08-08 09:10:37', '2021-08-08 09:10:37'),
(118, '2021-03-02', 'quia', 2, 9747245, 1, '2021-08-08 09:10:37', '2021-08-08 09:10:37'),
(119, '2021-01-15', 'dolor', 3, 7019671, 1, '2021-08-08 09:10:37', '2021-08-08 09:10:37'),
(120, '2021-02-01', 'aut', 2, 3752912, 1, '2021-08-08 09:10:37', '2021-08-08 09:10:37'),
(121, '2021-02-07', 'rerum', 9, 5398946, 1, '2021-08-08 09:10:37', '2021-08-08 09:10:37'),
(122, '2021-03-24', 'non', 0, 1425414, 1, '2021-08-08 09:10:37', '2021-08-08 09:10:37'),
(123, '2021-06-17', 'ut', 5, 5576764, 1, '2021-08-08 09:10:37', '2021-08-08 09:10:37'),
(124, '2021-05-24', 'mollitia', 7, 1118152, 1, '2021-08-08 09:10:37', '2021-08-08 09:10:37'),
(125, '2021-06-06', 'quisquam', 4, 1510221, 1, '2021-08-08 09:10:37', '2021-08-08 09:10:37'),
(126, '2021-03-16', 'quas', 2, 9818885, 1, '2021-08-08 09:10:37', '2021-08-08 09:10:37'),
(127, '2021-03-18', 'eos', 2, 8099203, 1, '2021-08-08 09:10:37', '2021-08-08 09:10:37'),
(128, '2021-02-27', 'nostrum', 9, 7529106, 1, '2021-08-08 09:10:37', '2021-08-08 09:10:37'),
(129, '2021-05-03', 'molestiae', 4, 8247996, 1, '2021-08-08 09:10:37', '2021-08-08 09:10:37'),
(130, '2021-03-08', 'velit', 5, 2790103, 1, '2021-08-08 09:10:37', '2021-08-08 09:10:37'),
(131, '2021-07-29', 'illum', 1, 3381412, 1, '2021-08-08 09:10:37', '2021-08-08 09:10:37'),
(132, '2021-07-14', 'nobis', 4, 5959085, 1, '2021-08-08 09:10:37', '2021-08-08 09:10:37'),
(133, '2021-01-21', 'in', 4, 1373251, 1, '2021-08-08 09:10:37', '2021-08-08 09:10:37'),
(134, '2021-07-28', 'reiciendis', 9, 2335410, 1, '2021-08-08 09:10:37', '2021-08-08 09:10:37'),
(135, '2021-08-06', 'aut', 1, 461109, 1, '2021-08-08 09:10:37', '2021-08-08 09:10:37'),
(136, '2021-06-12', 'minima', 1, 8547570, 1, '2021-08-08 09:10:37', '2021-08-08 09:10:37'),
(137, '2021-02-06', 'voluptatum', 3, 1221555, 1, '2021-08-08 09:10:37', '2021-08-08 09:10:37'),
(138, '2021-02-08', 'ut', 0, 5524737, 1, '2021-08-08 09:10:37', '2021-08-08 09:10:37'),
(139, '2021-01-18', 'exercitationem', 4, 1579408, 1, '2021-08-08 09:10:37', '2021-08-08 09:10:37'),
(140, '2021-06-15', 'ex', 2, 9887506, 1, '2021-08-08 09:10:37', '2021-08-08 09:10:37'),
(141, '2021-01-15', 'dolore', 8, 6665880, 1, '2021-08-08 09:10:37', '2021-08-08 09:10:37'),
(142, '2021-07-18', 'fuga', 3, 4056157, 1, '2021-08-08 09:10:37', '2021-08-08 09:10:37'),
(143, '2021-02-26', 'perferendis', 8, 5365936, 1, '2021-08-08 09:10:37', '2021-08-08 09:10:37'),
(144, '2021-02-23', 'illo', 5, 4993690, 1, '2021-08-08 09:10:37', '2021-08-08 09:10:37'),
(145, '2021-03-17', 'sequi', 7, 1353133, 1, '2021-08-08 09:10:37', '2021-08-08 09:10:37'),
(146, '2021-03-04', 'et', 1, 4953346, 1, '2021-08-08 09:10:37', '2021-08-08 09:10:37'),
(147, '2021-06-16', 'dolor', 3, 8179630, 1, '2021-08-08 09:10:37', '2021-08-08 09:10:37'),
(148, '2021-03-12', 'aliquid', 2, 6337107, 1, '2021-08-08 09:10:37', '2021-08-08 09:10:37'),
(149, '2021-04-06', 'quaerat', 3, 1232197, 1, '2021-08-08 09:10:37', '2021-08-08 09:10:37'),
(150, '2021-07-03', 'ab', 6, 6592059, 1, '2021-08-08 09:10:37', '2021-08-08 09:10:37'),
(151, '2021-08-02', 'fugiat', 1, 2377473, 1, '2021-08-08 09:10:37', '2021-08-08 09:10:37'),
(152, '2021-07-24', 'delectus', 6, 5708919, 1, '2021-08-08 09:10:37', '2021-08-08 09:10:37'),
(153, '2021-03-21', 'ea', 1, 334811, 1, '2021-08-08 09:10:37', '2021-08-08 09:10:37'),
(154, '2021-04-16', 'ab', 9, 952125, 1, '2021-08-08 09:10:37', '2021-08-08 09:10:37'),
(155, '2021-03-23', 'odio', 2, 8985457, 1, '2021-08-08 09:10:37', '2021-08-08 09:10:37'),
(156, '2021-05-20', 'distinctio', 4, 8257891, 1, '2021-08-08 09:10:37', '2021-08-08 09:10:37'),
(157, '2021-04-12', 'inventore', 2, 220756, 1, '2021-08-08 09:10:37', '2021-08-08 09:10:37'),
(158, '2021-06-18', 'ratione', 5, 8862876, 1, '2021-08-08 09:10:37', '2021-08-08 09:10:37'),
(159, '2021-06-07', 'blanditiis', 3, 3159797, 1, '2021-08-08 09:10:37', '2021-08-08 09:10:37'),
(160, '2021-01-23', 'corporis', 6, 7225812, 1, '2021-08-08 09:10:37', '2021-08-08 09:10:37'),
(161, '2021-04-14', 'minus', 8, 6925517, 1, '2021-08-08 09:10:37', '2021-08-08 09:10:37'),
(162, '2021-01-28', 'neque', 2, 4135606, 1, '2021-08-08 09:10:37', '2021-08-08 09:10:37'),
(163, '2021-05-21', 'quo', 1, 8750302, 1, '2021-08-08 09:10:37', '2021-08-08 09:10:37'),
(164, '2021-02-27', 'corrupti', 3, 721622, 1, '2021-08-08 09:10:37', '2021-08-08 09:10:37'),
(165, '2021-08-02', 'aspernatur', 9, 9284438, 1, '2021-08-08 09:10:37', '2021-08-08 09:10:37'),
(166, '2021-05-14', 'ut', 7, 6296345, 1, '2021-08-08 09:10:37', '2021-08-08 09:10:37'),
(167, '2021-03-21', 'ut', 1, 7605703, 1, '2021-08-08 09:10:37', '2021-08-08 09:10:37'),
(168, '2021-04-11', 'vel', 5, 326136, 1, '2021-08-08 09:10:37', '2021-08-08 09:10:37'),
(169, '2021-05-22', 'minus', 8, 4636241, 1, '2021-08-08 09:10:37', '2021-08-08 09:10:37'),
(170, '2021-06-14', 'pariatur', 5, 4701808, 1, '2021-08-08 09:10:37', '2021-08-08 09:10:37'),
(171, '2021-07-31', 'corporis', 5, 9633712, 1, '2021-08-08 09:10:37', '2021-08-08 09:10:37'),
(172, '2021-01-01', 'voluptatem', 8, 7150692, 1, '2021-08-08 09:10:37', '2021-08-08 09:10:37'),
(173, '2021-03-25', 'sed', 5, 3178339, 1, '2021-08-08 09:10:37', '2021-08-08 09:10:37'),
(174, '2021-03-29', 'laborum', 0, 495577, 1, '2021-08-08 09:10:37', '2021-08-08 09:10:37'),
(175, '2021-06-18', 'autem', 4, 9719927, 1, '2021-08-08 09:10:37', '2021-08-08 09:10:37'),
(176, '2021-03-24', 'quo', 2, 891049, 1, '2021-08-08 09:10:37', '2021-08-08 09:10:37'),
(177, '2021-05-16', 'voluptatem', 7, 9294719, 1, '2021-08-08 09:10:37', '2021-08-08 09:10:37'),
(178, '2021-05-29', 'laboriosam', 2, 9246360, 1, '2021-08-08 09:10:37', '2021-08-08 09:10:37'),
(179, '2021-05-18', 'voluptas', 8, 8768792, 1, '2021-08-08 09:10:37', '2021-08-08 09:10:37'),
(180, '2021-07-04', 'voluptatem', 6, 5654477, 1, '2021-08-08 09:10:37', '2021-08-08 09:10:37'),
(181, '2021-01-06', 'minus', 6, 8854629, 1, '2021-08-08 09:10:37', '2021-08-08 09:10:37'),
(182, '2021-02-03', 'iste', 2, 9954386, 1, '2021-08-08 09:10:37', '2021-08-08 09:10:37'),
(183, '2021-04-28', 'earum', 9, 5936848, 1, '2021-08-08 09:10:37', '2021-08-08 09:10:37'),
(184, '2021-05-31', 'id', 1, 2792708, 1, '2021-08-08 09:10:37', '2021-08-08 09:10:37'),
(185, '2021-08-06', 'voluptas', 3, 8637689, 1, '2021-08-08 09:10:37', '2021-08-08 09:10:37'),
(186, '2021-03-06', 'excepturi', 4, 9318654, 1, '2021-08-08 09:10:37', '2021-08-08 09:10:37'),
(187, '2021-02-03', 'omnis', 5, 6702805, 1, '2021-08-08 09:10:37', '2021-08-08 09:10:37'),
(188, '2021-07-02', 'aut', 1, 8583466, 1, '2021-08-08 09:10:37', '2021-08-08 09:10:37'),
(189, '2021-07-01', 'excepturi', 3, 2375069, 1, '2021-08-08 09:10:37', '2021-08-08 09:10:37'),
(190, '2021-07-02', 'minima', 2, 8488810, 1, '2021-08-08 09:10:37', '2021-08-08 09:10:37'),
(191, '2021-02-18', 'non', 0, 4468452, 1, '2021-08-08 09:10:37', '2021-08-08 09:10:37'),
(192, '2021-04-11', 'consequuntur', 1, 4380770, 1, '2021-08-08 09:10:37', '2021-08-08 09:10:37'),
(193, '2021-04-14', 'iusto', 7, 5007260, 1, '2021-08-08 09:10:37', '2021-08-08 09:10:37'),
(194, '2021-06-01', 'architecto', 2, 8903026, 1, '2021-08-08 09:10:37', '2021-08-08 09:10:37'),
(195, '2021-07-30', 'inventore', 4, 9622782, 1, '2021-08-08 09:10:37', '2021-08-08 09:10:37'),
(196, '2021-07-11', 'nulla', 5, 9229276, 1, '2021-08-08 09:10:37', '2021-08-08 09:10:37'),
(197, '2021-04-23', 'sit', 9, 1528699, 1, '2021-08-08 09:10:37', '2021-08-08 09:10:37'),
(198, '2021-05-26', 'qui', 0, 5223053, 1, '2021-08-08 09:10:37', '2021-08-08 09:10:37'),
(199, '2021-05-14', 'quia', 4, 6855623, 1, '2021-08-08 09:10:37', '2021-08-08 09:10:37'),
(200, '2021-06-27', 'perferendis', 4, 9349426, 1, '2021-08-08 09:10:37', '2021-08-08 09:10:37'),
(201, '2021-03-15', 'quia', 1, 4631653, 1, '2021-08-08 09:10:37', '2021-08-08 09:10:37'),
(202, '2021-04-17', 'ut', 1, 1998449, 1, '2021-08-08 09:10:37', '2021-08-08 09:10:37'),
(203, '2021-05-14', 'ab', 0, 9274999, 1, '2021-08-08 09:10:37', '2021-08-08 09:10:37'),
(204, '2021-04-27', 'rerum', 8, 7460270, 1, '2021-08-08 09:10:37', '2021-08-08 09:10:37'),
(205, '2021-03-07', 'id', 0, 203645, 1, '2021-08-08 09:10:37', '2021-08-08 09:10:37'),
(206, '2021-05-22', 'recusandae', 3, 6640659, 1, '2021-08-08 09:10:37', '2021-08-08 09:10:37'),
(207, '2021-01-31', 'ad', 1, 31723, 1, '2021-08-08 09:10:37', '2021-08-08 09:10:37'),
(208, '2021-02-06', 'est', 0, 939990, 1, '2021-08-08 09:10:37', '2021-08-08 09:10:37'),
(209, '2021-02-04', 'distinctio', 2, 4914016, 1, '2021-08-08 09:10:37', '2021-08-08 09:10:37'),
(210, '2021-07-05', 'laudantium', 9, 3084102, 1, '2021-08-08 09:10:37', '2021-08-08 09:10:37'),
(211, '2021-01-13', 'ut', 9, 9573738, 1, '2021-08-08 09:10:37', '2021-08-08 09:10:37'),
(212, '2021-06-09', 'adipisci', 1, 9289005, 1, '2021-08-08 09:10:37', '2021-08-08 09:10:37'),
(213, '2021-05-25', 'doloribus', 7, 9760603, 1, '2021-08-08 09:10:37', '2021-08-08 09:10:37'),
(214, '2021-06-17', 'consequatur', 9, 3302027, 1, '2021-08-08 09:10:37', '2021-08-08 09:10:37'),
(215, '2021-07-28', 'quis', 6, 6919998, 1, '2021-08-08 09:10:37', '2021-08-08 09:10:37'),
(216, '2021-04-29', 'est', 1, 2491355, 1, '2021-08-08 09:10:37', '2021-08-08 09:10:37'),
(217, '2021-06-13', 'labore', 1, 6181158, 1, '2021-08-08 09:10:37', '2021-08-08 09:10:37'),
(218, '2021-03-24', 'aut', 6, 1165420, 1, '2021-08-08 09:10:37', '2021-08-08 09:10:37'),
(219, '2021-07-26', 'possimus', 8, 7465989, 1, '2021-08-08 09:10:37', '2021-08-08 09:10:37'),
(220, '2021-03-06', 'animi', 4, 3359149, 1, '2021-08-08 09:10:37', '2021-08-08 09:10:37'),
(221, '2021-03-14', 'rerum', 0, 583372, 1, '2021-08-08 09:10:37', '2021-08-08 09:10:37'),
(222, '2021-04-09', 'adipisci', 0, 4449326, 1, '2021-08-08 09:10:37', '2021-08-08 09:10:37'),
(223, '2021-03-09', 'illo', 1, 1059071, 1, '2021-08-08 09:10:37', '2021-08-08 09:10:37'),
(224, '2021-07-14', 'facilis', 1, 5610137, 1, '2021-08-08 09:10:37', '2021-08-08 09:10:37'),
(225, '2021-08-08', 'culpa', 1, 9822438, 1, '2021-08-08 09:10:37', '2021-08-08 09:10:37'),
(226, '2021-01-22', 'cupiditate', 6, 1227357, 1, '2021-08-08 09:10:37', '2021-08-08 09:10:37'),
(227, '2021-06-25', 'cumque', 0, 3681080, 1, '2021-08-08 09:10:37', '2021-08-08 09:10:37'),
(228, '2021-02-07', 'quis', 3, 5652635, 1, '2021-08-08 09:10:37', '2021-08-08 09:10:37'),
(229, '2021-04-12', 'dolores', 2, 3454751, 1, '2021-08-08 09:10:37', '2021-08-08 09:10:37'),
(230, '2021-01-23', 'itaque', 6, 8444183, 1, '2021-08-08 09:10:37', '2021-08-08 09:10:37'),
(231, '2021-02-02', 'rerum', 2, 5870528, 1, '2021-08-08 09:10:37', '2021-08-08 09:10:37'),
(232, '2021-05-08', 'aut', 8, 8209933, 1, '2021-08-08 09:10:37', '2021-08-08 09:10:37'),
(233, '2021-07-09', 'quidem', 2, 1727123, 1, '2021-08-08 09:10:37', '2021-08-08 09:10:37'),
(234, '2021-07-12', 'doloremque', 7, 598911, 1, '2021-08-08 09:10:37', '2021-08-08 09:10:37'),
(235, '2021-06-26', 'corrupti', 2, 6529582, 1, '2021-08-08 09:10:37', '2021-08-08 09:10:37'),
(236, '2021-04-20', 'at', 9, 7795094, 1, '2021-08-08 09:10:37', '2021-08-08 09:10:37'),
(237, '2021-07-01', 'dolorum', 3, 6081077, 1, '2021-08-08 09:10:37', '2021-08-08 09:10:37'),
(238, '2021-04-16', 'nobis', 6, 1810543, 1, '2021-08-08 09:10:37', '2021-08-08 09:10:37'),
(239, '2021-01-10', 'dolores', 2, 7506396, 1, '2021-08-08 09:10:37', '2021-08-08 09:10:37'),
(240, '2021-01-21', 'fugiat', 6, 8096828, 1, '2021-08-08 09:10:37', '2021-08-08 09:10:37'),
(241, '2021-01-19', 'et', 9, 5599462, 1, '2021-08-08 09:10:37', '2021-08-08 09:10:37'),
(242, '2021-03-03', 'tempora', 3, 6789649, 1, '2021-08-08 09:10:37', '2021-08-08 09:10:37'),
(243, '2021-07-25', 'accusantium', 1, 8950147, 1, '2021-08-08 09:10:37', '2021-08-08 09:10:37'),
(244, '2021-05-15', 'molestias', 5, 3290080, 1, '2021-08-08 09:10:37', '2021-08-08 09:10:37'),
(245, '2021-06-09', 'veniam', 2, 9416240, 1, '2021-08-08 09:10:37', '2021-08-08 09:10:37'),
(246, '2021-04-09', 'reprehenderit', 1, 6112678, 1, '2021-08-08 09:10:37', '2021-08-08 09:10:37'),
(247, '2021-03-06', 'est', 0, 4064226, 1, '2021-08-08 09:10:37', '2021-08-08 09:10:37'),
(248, '2021-05-03', 'rerum', 4, 7546367, 1, '2021-08-08 09:10:37', '2021-08-08 09:10:37'),
(249, '2021-02-25', 'facilis', 3, 1065710, 1, '2021-08-08 09:10:37', '2021-08-08 09:10:37'),
(250, '2021-07-26', 'qui', 4, 8568733, 1, '2021-08-08 09:10:37', '2021-08-08 09:10:37');

-- --------------------------------------------------------

--
-- Table structure for table `migrations`
--

CREATE TABLE `migrations` (
  `id` int(10) UNSIGNED NOT NULL,
  `migration` varchar(255) NOT NULL,
  `batch` int(11) NOT NULL
) ENGINE=InnoDB DEFAULT CHARSET=utf8mb4;

--
-- Dumping data for table `migrations`
--

INSERT INTO `migrations` (`id`, `migration`, `batch`) VALUES
(5, '2021_07_26_150148_create_resources_table', 3),
(9, '2021_08_06_100813_create_incomes__table', 7),
(10, '2021_08_08_081448_create_orderlist__table', 8),
(11, '2021_08_08_081541_create_orderlist_table', 9),
(29, '2014_10_12_000000_create_users_table', 10),
(30, '2014_10_12_100000_create_password_resets_table', 10),
(31, '2019_08_19_000000_create_failed_jobs_table', 10),
(32, '2019_12_14_000001_create_personal_access_tokens_table', 10),
(33, '2021_07_26_155233_create_resources_table', 10),
(34, '2021_07_26_160331_create_incomes_table', 10),
(35, '2021_07_31_022224_create_spendings_table', 10),
(36, '2021_08_08_083559_create_listorders_table', 10),
(37, '2021_09_19_120009_barang', 11),
(38, '2021_09_19_120048_customer', 11),
(39, '2021_09_19_120114_konfirmasi', 11),
(40, '2021_09_19_120139_keranjang', 11),
(41, '2021_09_19_120153_checkout', 12);

-- --------------------------------------------------------

--
-- Table structure for table `password_resets`
--

CREATE TABLE `password_resets` (
  `email` varchar(255) NOT NULL,
  `token` varchar(255) NOT NULL,
  `created_at` timestamp NULL DEFAULT NULL
) ENGINE=InnoDB DEFAULT CHARSET=utf8mb4;

-- --------------------------------------------------------

--
-- Table structure for table `personal_access_tokens`
--

CREATE TABLE `personal_access_tokens` (
  `id` bigint(20) UNSIGNED NOT NULL,
  `tokenable_type` varchar(255) NOT NULL,
  `tokenable_id` bigint(20) UNSIGNED NOT NULL,
  `name` varchar(255) NOT NULL,
  `token` varchar(64) NOT NULL,
  `abilities` text DEFAULT NULL,
  `last_used_at` timestamp NULL DEFAULT NULL,
  `created_at` timestamp NULL DEFAULT NULL,
  `updated_at` timestamp NULL DEFAULT NULL
) ENGINE=InnoDB DEFAULT CHARSET=utf8mb4;

-- --------------------------------------------------------

--
-- Table structure for table `resources`
--

CREATE TABLE `resources` (
  `id` bigint(20) UNSIGNED NOT NULL,
  `name_resource` varchar(255) NOT NULL,
  `created_at` timestamp NULL DEFAULT NULL,
  `updated_at` timestamp NULL DEFAULT NULL
) ENGINE=InnoDB DEFAULT CHARSET=utf8mb4;

--
-- Dumping data for table `resources`
--

INSERT INTO `resources` (`id`, `name_resource`, `created_at`, `updated_at`) VALUES
(1, 'Restorant', NULL, NULL),
(2, 'Listrik', NULL, NULL),
(3, 'Air', NULL, NULL),
(4, 'Telephone', NULL, NULL),
(5, 'Internet', NULL, NULL),
(6, 'Pajak', NULL, NULL);

-- --------------------------------------------------------

--
-- Table structure for table `spendings`
--

CREATE TABLE `spendings` (
  `id` bigint(20) UNSIGNED NOT NULL,
  `date_spending` date NOT NULL,
  `total` int(11) NOT NULL,
  `resource_id` bigint(20) UNSIGNED NOT NULL,
  `created_at` timestamp NULL DEFAULT NULL,
  `updated_at` timestamp NULL DEFAULT NULL
) ENGINE=InnoDB DEFAULT CHARSET=utf8mb4;

--
-- Dumping data for table `spendings`
--

INSERT INTO `spendings` (`id`, `date_spending`, `total`, `resource_id`, `created_at`, `updated_at`) VALUES
(1, '2021-07-07', 82802369, 2, '2021-08-08 09:10:37', '2021-08-08 09:10:37'),
(2, '2021-01-09', 95873034, 2, '2021-08-08 09:10:37', '2021-08-08 09:10:37'),
(3, '2021-08-01', 46642765, 2, '2021-08-08 09:10:37', '2021-08-08 09:10:37'),
(4, '2021-07-19', 64695983, 2, '2021-08-08 09:10:37', '2021-08-08 09:10:37'),
(5, '2021-04-02', 74716401, 2, '2021-08-08 09:10:37', '2021-08-08 09:10:37'),
(6, '2021-04-24', 76370492, 2, '2021-08-08 09:10:37', '2021-08-08 09:10:37'),
(7, '2021-06-22', 90165580, 2, '2021-08-08 09:10:37', '2021-08-08 09:10:37'),
(8, '2021-03-14', 12824397, 2, '2021-08-08 09:10:37', '2021-08-08 09:10:37'),
(9, '2021-01-30', 77606243, 2, '2021-08-08 09:10:37', '2021-08-08 09:10:37'),
(10, '2021-05-22', 93354704, 2, '2021-08-08 09:10:37', '2021-08-08 09:10:37'),
(11, '2021-07-06', 18914971, 3, '2021-08-08 09:10:37', '2021-08-08 09:10:37'),
(12, '2021-03-28', 24138250, 3, '2021-08-08 09:10:37', '2021-08-08 09:10:37'),
(13, '2021-06-15', 59896354, 3, '2021-08-08 09:10:37', '2021-08-08 09:10:37'),
(14, '2021-05-28', 95948256, 3, '2021-08-08 09:10:37', '2021-08-08 09:10:37'),
(15, '2021-02-20', 19776192, 3, '2021-08-08 09:10:37', '2021-08-08 09:10:37'),
(16, '2021-07-20', 72759360, 3, '2021-08-08 09:10:37', '2021-08-08 09:10:37'),
(17, '2021-07-11', 31704578, 3, '2021-08-08 09:10:37', '2021-08-08 09:10:37'),
(18, '2021-04-16', 98643588, 3, '2021-08-08 09:10:37', '2021-08-08 09:10:37'),
(19, '2021-01-12', 53270600, 3, '2021-08-08 09:10:37', '2021-08-08 09:10:37'),
(20, '2021-04-23', 27619190, 3, '2021-08-08 09:10:37', '2021-08-08 09:10:37'),
(21, '2021-03-07', 21614285, 4, '2021-08-08 09:10:37', '2021-08-08 09:10:37'),
(22, '2021-05-06', 88669092, 4, '2021-08-08 09:10:37', '2021-08-08 09:10:37'),
(23, '2021-07-08', 13689247, 4, '2021-08-08 09:10:37', '2021-08-08 09:10:37'),
(24, '2021-01-08', 64999485, 4, '2021-08-08 09:10:37', '2021-08-08 09:10:37'),
(25, '2021-02-16', 68403461, 4, '2021-08-08 09:10:37', '2021-08-08 09:10:37'),
(26, '2021-07-27', 71757815, 4, '2021-08-08 09:10:37', '2021-08-08 09:10:37'),
(27, '2021-06-04', 61698755, 4, '2021-08-08 09:10:37', '2021-08-08 09:10:37'),
(28, '2021-04-25', 37254223, 4, '2021-08-08 09:10:37', '2021-08-08 09:10:37'),
(29, '2021-06-29', 70754818, 4, '2021-08-08 09:10:37', '2021-08-08 09:10:37'),
(30, '2021-07-15', 45541533, 4, '2021-08-08 09:10:37', '2021-08-08 09:10:37'),
(31, '2021-03-23', 47190560, 5, '2021-08-08 09:10:37', '2021-08-08 09:10:37'),
(32, '2021-01-01', 60295923, 5, '2021-08-08 09:10:37', '2021-08-08 09:10:37'),
(33, '2021-06-09', 32825652, 5, '2021-08-08 09:10:37', '2021-08-08 09:10:37'),
(34, '2021-02-17', 60220878, 5, '2021-08-08 09:10:37', '2021-08-08 09:10:37'),
(35, '2021-03-31', 99096474, 5, '2021-08-08 09:10:37', '2021-08-08 09:10:37'),
(36, '2021-01-05', 67218086, 5, '2021-08-08 09:10:37', '2021-08-08 09:10:37'),
(37, '2021-03-13', 60217260, 5, '2021-08-08 09:10:37', '2021-08-08 09:10:37'),
(38, '2021-01-02', 64440790, 5, '2021-08-08 09:10:37', '2021-08-08 09:10:37'),
(39, '2021-02-27', 24424989, 5, '2021-08-08 09:10:37', '2021-08-08 09:10:37'),
(40, '2021-02-14', 97099898, 5, '2021-08-08 09:10:37', '2021-08-08 09:10:37'),
(41, '2021-04-14', 52395214, 6, '2021-08-08 09:10:37', '2021-08-08 09:10:37'),
(42, '2021-02-24', 19172287, 6, '2021-08-08 09:10:37', '2021-08-08 09:10:37'),
(43, '2021-05-28', 52755832, 6, '2021-08-08 09:10:37', '2021-08-08 09:10:37'),
(44, '2021-04-29', 98008776, 6, '2021-08-08 09:10:37', '2021-08-08 09:10:37'),
(45, '2021-03-16', 37011563, 6, '2021-08-08 09:10:37', '2021-08-08 09:10:37'),
(46, '2021-05-10', 48255471, 6, '2021-08-08 09:10:37', '2021-08-08 09:10:37'),
(47, '2021-04-19', 41947200, 6, '2021-08-08 09:10:37', '2021-08-08 09:10:37'),
(48, '2021-03-11', 76718269, 6, '2021-08-08 09:10:37', '2021-08-08 09:10:37'),
(49, '2021-03-28', 14064066, 6, '2021-08-08 09:10:37', '2021-08-08 09:10:37'),
(50, '2021-02-16', 94259220, 6, '2021-08-08 09:10:37', '2021-08-08 09:10:37');

-- --------------------------------------------------------

--
-- Table structure for table `users`
--

CREATE TABLE `users` (
  `id` bigint(20) UNSIGNED NOT NULL,
  `name` varchar(255) NOT NULL,
  `username` varchar(255) NOT NULL,
  `email` varchar(255) NOT NULL,
  `email_verified_at` timestamp NULL DEFAULT NULL,
  `password` varchar(255) NOT NULL,
  `level` varchar(255) NOT NULL,
  `remember_token` varchar(100) DEFAULT NULL,
  `created_at` timestamp NULL DEFAULT NULL,
  `updated_at` timestamp NULL DEFAULT NULL
) ENGINE=InnoDB DEFAULT CHARSET=utf8mb4;

--
-- Dumping data for table `users`
--

INSERT INTO `users` (`id`, `name`, `username`, `email`, `email_verified_at`, `password`, `level`, `remember_token`, `created_at`, `updated_at`) VALUES
(1, 'owner', 'owner123', 'owner@gmail.com', NULL, '$2y$10$Lx5c/Wd7/OXgs9mTqwgVZuI546DWdh2j4HDFe.IJI/t6Bx2gm2d0q', 'owner', NULL, '2021-08-08 09:10:01', '2021-08-08 09:10:01'),
(2, 'admin', 'admin123', 'admin@gmail.com', NULL, '$2y$10$9tZhuOP0/qwLcdu7ni5Ive72L9Q/rJ326SaI/hR4jFjKQrvPqi/nq', 'admin', NULL, NULL, NULL);

-- --------------------------------------------------------

--
-- Structure for view `cart`
--
DROP TABLE IF EXISTS `cart`;

CREATE ALGORITHM=UNDEFINED DEFINER=`root`@`localhost` SQL SECURITY DEFINER VIEW `cart`  AS   (select `keranjang`.`id_keranjang` AS `id_keranjang`,`customer`.`nama_customer` AS `nama_customer`,`barang`.`nama_produk` AS `nama_produk`,`barang`.`harga` AS `harga`,`barang`.`gambar` AS `gambar`,`keranjang`.`jumlah` AS `jumlah` from ((`keranjang` join `barang` on(`keranjang`.`id_barang` = `barang`.`id`)) join `customer` on(`keranjang`.`id_customer` = `customer`.`id`)))  ;

-- --------------------------------------------------------

--
-- Structure for view `check_out`
--
DROP TABLE IF EXISTS `check_out`;

CREATE ALGORITHM=UNDEFINED DEFINER=`root`@`localhost` SQL SECURITY DEFINER VIEW `check_out`  AS   (select `checkout`.`id_checkout` AS `id_checkout`,`barang`.`nama_produk` AS `nama_produk`,`barang`.`harga` AS `harga`,`barang`.`gambar` AS `gambar`,`detail_checkout`.`jumlah` AS `jumlah`,`customer`.`nama_customer` AS `nama_customer`,`checkout`.`id_customer` AS `id_customer` from (((`detail_checkout` join `checkout` on(`detail_checkout`.`id_checkout` = `checkout`.`id_checkout`)) join `customer` on(`checkout`.`id_customer` = `customer`.`id`)) join `barang` on(`detail_checkout`.`id_barang` = `barang`.`id`)))  ;

--
-- Indexes for dumped tables
--

--
-- Indexes for table `barang`
--
ALTER TABLE `barang`
  ADD PRIMARY KEY (`id`);

--
-- Indexes for table `customer`
--
ALTER TABLE `customer`
  ADD PRIMARY KEY (`id`);

--
-- Indexes for table `failed_jobs`
--
ALTER TABLE `failed_jobs`
  ADD PRIMARY KEY (`id`),
  ADD UNIQUE KEY `failed_jobs_uuid_unique` (`uuid`);

--
-- Indexes for table `incomes`
--
ALTER TABLE `incomes`
  ADD PRIMARY KEY (`id`),
  ADD KEY `incomes_resource_id_foreign` (`resource_id`);

--
-- Indexes for table `keranjang`
--
ALTER TABLE `keranjang`
  ADD PRIMARY KEY (`id_keranjang`);

--
-- Indexes for table `konfirmasi`
--
ALTER TABLE `konfirmasi`
  ADD PRIMARY KEY (`id_konfirmasi`);

--
-- Indexes for table `listorders`
--
ALTER TABLE `listorders`
  ADD PRIMARY KEY (`id`),
  ADD KEY `listorders_resource_id_foreign` (`resource_id`);

--
-- Indexes for table `migrations`
--
ALTER TABLE `migrations`
  ADD PRIMARY KEY (`id`);

--
-- Indexes for table `password_resets`
--
ALTER TABLE `password_resets`
  ADD KEY `password_resets_email_index` (`email`);

--
-- Indexes for table `personal_access_tokens`
--
ALTER TABLE `personal_access_tokens`
  ADD PRIMARY KEY (`id`),
  ADD UNIQUE KEY `personal_access_tokens_token_unique` (`token`),
  ADD KEY `personal_access_tokens_tokenable_type_tokenable_id_index` (`tokenable_type`,`tokenable_id`);

--
-- Indexes for table `resources`
--
ALTER TABLE `resources`
  ADD PRIMARY KEY (`id`);

--
-- Indexes for table `spendings`
--
ALTER TABLE `spendings`
  ADD PRIMARY KEY (`id`),
  ADD KEY `spendings_resource_id_foreign` (`resource_id`);

--
-- Indexes for table `users`
--
ALTER TABLE `users`
  ADD PRIMARY KEY (`id`),
  ADD UNIQUE KEY `users_email_unique` (`email`);

--
-- AUTO_INCREMENT for dumped tables
--

--
-- AUTO_INCREMENT for table `barang`
--
ALTER TABLE `barang`
  MODIFY `id` int(10) UNSIGNED NOT NULL AUTO_INCREMENT, AUTO_INCREMENT=9;

--
-- AUTO_INCREMENT for table `customer`
--
ALTER TABLE `customer`
  MODIFY `id` int(10) UNSIGNED NOT NULL AUTO_INCREMENT, AUTO_INCREMENT=4;

--
-- AUTO_INCREMENT for table `failed_jobs`
--
ALTER TABLE `failed_jobs`
  MODIFY `id` bigint(20) UNSIGNED NOT NULL AUTO_INCREMENT;

--
-- AUTO_INCREMENT for table `incomes`
--
ALTER TABLE `incomes`
  MODIFY `id` bigint(20) UNSIGNED NOT NULL AUTO_INCREMENT, AUTO_INCREMENT=13;

--
-- AUTO_INCREMENT for table `keranjang`
--
ALTER TABLE `keranjang`
  MODIFY `id_keranjang` int(10) UNSIGNED NOT NULL AUTO_INCREMENT, AUTO_INCREMENT=5;

--
-- AUTO_INCREMENT for table `konfirmasi`
--
ALTER TABLE `konfirmasi`
  MODIFY `id_konfirmasi` int(10) UNSIGNED NOT NULL AUTO_INCREMENT, AUTO_INCREMENT=3;

--
-- AUTO_INCREMENT for table `listorders`
--
ALTER TABLE `listorders`
  MODIFY `id` bigint(20) UNSIGNED NOT NULL AUTO_INCREMENT, AUTO_INCREMENT=251;

--
-- AUTO_INCREMENT for table `migrations`
--
ALTER TABLE `migrations`
  MODIFY `id` int(10) UNSIGNED NOT NULL AUTO_INCREMENT, AUTO_INCREMENT=42;

--
-- AUTO_INCREMENT for table `personal_access_tokens`
--
ALTER TABLE `personal_access_tokens`
  MODIFY `id` bigint(20) UNSIGNED NOT NULL AUTO_INCREMENT;

--
-- AUTO_INCREMENT for table `resources`
--
ALTER TABLE `resources`
  MODIFY `id` bigint(20) UNSIGNED NOT NULL AUTO_INCREMENT, AUTO_INCREMENT=7;

--
-- AUTO_INCREMENT for table `spendings`
--
ALTER TABLE `spendings`
  MODIFY `id` bigint(20) UNSIGNED NOT NULL AUTO_INCREMENT, AUTO_INCREMENT=51;

--
-- AUTO_INCREMENT for table `users`
--
ALTER TABLE `users`
  MODIFY `id` bigint(20) UNSIGNED NOT NULL AUTO_INCREMENT, AUTO_INCREMENT=3;

--
-- Constraints for dumped tables
--

--
-- Constraints for table `incomes`
--
ALTER TABLE `incomes`
  ADD CONSTRAINT `incomes_resource_id_foreign` FOREIGN KEY (`resource_id`) REFERENCES `resources` (`id`) ON DELETE CASCADE;

--
-- Constraints for table `listorders`
--
ALTER TABLE `listorders`
  ADD CONSTRAINT `listorders_resource_id_foreign` FOREIGN KEY (`resource_id`) REFERENCES `resources` (`id`) ON DELETE CASCADE;

--
-- Constraints for table `spendings`
--
ALTER TABLE `spendings`
  ADD CONSTRAINT `spendings_resource_id_foreign` FOREIGN KEY (`resource_id`) REFERENCES `resources` (`id`) ON DELETE CASCADE;
COMMIT;

/*!40101 SET CHARACTER_SET_CLIENT=@OLD_CHARACTER_SET_CLIENT */;
/*!40101 SET CHARACTER_SET_RESULTS=@OLD_CHARACTER_SET_RESULTS */;
/*!40101 SET COLLATION_CONNECTION=@OLD_COLLATION_CONNECTION */;
